k,Precisión,Errores
2,0.6914285714285714,54
3,0.7142857142857143,50
4,0.7085714285714285,51
5,0.7028571428571428,52
6,0.68,56
7,0.6857142857142857,55
8,0.6571428571428571,60
9,0.6685714285714286,58
10,0.6685714285714286,58
11,0.6571428571428571,60
12,0.6571428571428571,60
13,0.64,63
14,0.6057142857142858,69
15,0.6057142857142858,69
16,0.6114285714285714,68
17,0.6,70
18,0.6171428571428571,67
19,0.6171428571428571,67
20,0.6057142857142858,69
