k,Precisión,Errores
2,0.6039215686274509,101
3,0.5843137254901961,106
4,0.611764705882353,99
5,0.6,102
6,0.5843137254901961,106
7,0.5529411764705883,114
8,0.5607843137254902,112
9,0.5333333333333333,119
10,0.5294117647058824,120
11,0.5411764705882353,117
12,0.5333333333333333,119
13,0.5098039215686274,125
14,0.5058823529411764,126
15,0.5098039215686274,125
16,0.5294117647058824,120
17,0.4823529411764706,132
18,0.49411764705882355,129
19,0.4980392156862745,128
20,0.49019607843137253,130
