MFCC_1,MFCC_2,MFCC_3,MFCC_4,MFCC_5,MFCC_6,MFCC_7,MFCC_8,MFCC_9,MFCC_10,MFCC_11,MFCC_12,MFCC_13,ZCR,CentroideEspectral,AnchoEspectral,EnergiaBanda_1,EnergiaBanda_2,EnergiaBanda_3,Archivo
-0.16240506317533232,0.3234468410282469,0.42455580477673094,-0.898177386194455,0.2519560134123458,-0.6910817132612376,-1.514391645406754,-0.49710481257338823,-0.32058562452251743,0.2289123002101406,0.029037357690346,0.2309568423126998,0.858099108860409,-0.6015171847803389,-0.6180668215530747,-0.5450109362010848,4.165215098143051,-0.04078233328873322,-0.22780947915232774,candidato_procesado.wav
